FechaHora;EnergiaSMEC;aeros_disp;energia_fc_cammesa;ws100_ecmwf;dir100_ecmwf;temp_ecmwf;ws100_gfs;dir100_gfs;temp_gfs;ws100_avg;dir100_avg;temp_avg
2024-06-02 00:00:00;0,0;2,83;9,22;2,44;322,811;6,541;4,643524;333,24457;8,350311;3,5417620000000003;328,027785;7,4456555
2024-06-02 01:00:00;0,0;2,83;9,09;3,847;308,848;6,803;4,643524;333,24457;8,350311;4,245262;321,046285;7,576655499999999
2024-06-02 02:00:00;6,26;20,67;11,49;5,255;294,884;7,065;4,643524;333,24457;8,350311;4,949262;314,06428500000004;7,7076554999999995
2024-06-02 03:00:00;12,28;29,0;20,54;6,662;280,921;7,327;6,7111497;287,43652;7,7410583;6,6865748499999995;284,17876;7,53402915
2024-06-02 04:00:00;20,06;29,0;27,82;6,92;277,907;7,332;6,7111497;287,43652;7,7410583;6,81557485;282,67175999999995;7,53652915
2024-06-02 05:00:00;32,73;29,0;37,27;7,178;274,894;7,338;6,7111497;287,43652;7,7410583;6,94457485;281,16526;7,53952915
2024-06-02 06:00:00;43,34;28,5;50,0;7,436;271,881;7,343;10,467457;273,4489;7,0586243;8,9517285;272,66495;7,20081215
2024-06-02 07:00:00;69,08;27,83;61,42;7,826;264,021;6,468;10,467457;273,4489;7,0586243;9,1467285;268,73494999999997;6,76331215
2024-06-02 08:00:00;59,24;25,5;83,31;8,216;256,161;5,593;10,467457;273,4489;7,0586243;9,341728499999999;264,80494999999996;6,32581215
2024-06-02 09:00:00;55,75;23,83;66,79;8,607;248,301;4,717;9,47961;242,19452;5,1618958;9,043305;245,24775999999997;4,939447899999999
2024-06-02 10:00:00;33,2;23,0;71,35;8,726;240,54;6,081;9,47961;242,19452;5,1618958;9,102805;241,36726;5,6214479
2024-06-02 11:00:00;11,47;23,17;50,59;8,846;232,78;7,444;9,47961;242,19452;5,1618958;9,162804999999999;237,48726;6,3029478999999995
2024-06-02 12:00:00;37,55;20,17;32,27;8,965;225,02;8,807;10,646912;217,08415;7,1402893;9,805956;221,052075;7,973644650000001
2024-06-02 13:00:00;58,02;21,33;58,39;9,463;220,462;9,242;10,646912;217,08415;7,1402893;10,054956;218,77307499999998;8,19114465
2024-06-02 14:00:00;57,72;22,67;76,35;9,961;215,905;9,676;10,646912;217,08415;7,1402893;10,303956;216,494575;8,40814465
2024-06-02 15:00:00;46,91;19,67;75,5;10,458;211,347;10,111;10,955991;207,02888;7,728241;10,7069955;209,18794;8,9196205
2024-06-02 16:00:00;36,85;21,67;65,31;9,972;211,612;9,801;10,955991;207,02888;7,728241;10,4639955;209,32043999999996;8,7646205
2024-06-02 17:00:00;45,38;23,0;62,65;9,486;211,876;9,491;10,955991;207,02888;7,728241;10,2209955;209,45243999999997;8,6096205
2024-06-02 18:00:00;56,2;24,0;63,02;8,999;212,141;9,181;10,02415;203,90347;7,482849;9,511575;208,02223499999997;8,3319245
2024-06-02 19:00:00;70,83;26,5;69,17;9,001;209,064;8,216;10,02415;203,90347;7,482849;9,512575;206,48373499999997;7,8494245
2024-06-02 20:00:00;60,12;27,83;82,4;9,002;205,987;7,252;10,02415;203,90347;7,482849;9,513075;204,945235;7,3674245
2024-06-02 21:00:00;54,18;28,0;71,54;9,004;202,91;6,287;7,8155174;195,23679;5,9621277;8,4097587;199,073395;6,1245638499999995
2024-06-02 22:00:00;49,28;28,67;65,3;8,394;199,932;5,572;7,8155174;195,23679;5,9621277;8,1047587;197,584395;5,7670638499999995
2024-06-02 23:00:00;61,54;28,0;59,79;7,785;196,953;4,856;7,8155174;195,23679;5,9621277;7,8002587000000005;196,094895;5,40906385
2024-06-03 00:00:00;50,97;27,33;70,04;7,176;193,975;4,141;5,321454;222,94508;4,512726;6,248727000000001;208,46003999999996;4,3268629999999995
2024-06-03 01:00:00;36,08;25,67;57,63;6,458;199,399;3,559;5,321454;222,94508;4,512726;5,889727000000001;211,17203999999998;4,035863
2024-06-03 02:00:00;15,73;22,0;42,27;5,741;204,822;2,978;5,321454;222,94508;4,512726;5,5312269999999994;213,88353999999998;3,745363
2024-06-03 03:00:00;10,29;24,17;22,34;5,024;210,246;2,396;5,467193;244,55774;3,8451233;5,2455964999999996;227,40187;3,12056165
2024-06-03 04:00:00;9,61;26,83;16,19;4,992;222,74;2,08;5,467193;244,55774;3,8451233;5,2295964999999995;233,64887;2,96256165
2024-06-03 05:00:00;13,52;27,67;14,57;4,96;235,234;1,764;5,467193;244,55774;3,8451233;5,2135964999999995;239,89587;2,80456165
2024-06-03 06:00:00;8,64;27,83;16,15;4,929;247,728;1,448;2,0907223;225,89487;3,6463318;3,50986115;236,81143499999996;2,5471659
2024-06-03 07:00:00;38,16;26,67;11,93;4,253;256,005;1,294;2,0907223;225,89487;3,6463318;3,17186115;240,94993499999998;2,4701659
2024-06-03 08:00:00;6,94;25,5;38,56;3,578;264,282;1,14;2,0907223;225,89487;3,6463318;2,83436115;245,08843499999995;2,3931659
2024-06-03 09:00:00;3,89;25,33;8,95;2,903;272,559;0,987;2,550977;335,847;2,8491516;2,7269885;304,203;1,9180758
2024-06-03 10:00:00;0,0;9,17;5,66;2,676;189,34;3,223;2,550977;335,847;2,8491516;2,6134885;262,59349999999995;3,0360758
2024-06-03 11:00:00;0,0;2,67;1,82;2,449;106,122;5,459;2,550977;335,847;2,8491516;2,4999884999999997;40,98449999999997;4,154075799999999
2024-06-03 12:00:00;0,22;9,5;2,31;2,221;22,903;7,696;3,147133;35,231873;6,8184204;2,6840665;29,067436499999985;7,257210199999999
2024-06-03 13:00:00;1,01;19,33;3,66;3,549;18,711;8,75;3,147133;35,231873;6,8184204;3,3480665;26,97143649999998;7,7842102
2024-06-03 14:00:00;4,6;27,83;6,01;4,876;14,518;9,804;3,147133;35,231873;6,8184204;4,011566500000001;24,87493649999999;8,3112102
2024-06-03 15:00:00;14,05;28,0;11,91;6,203;10,325;10,859;5,8014593;10,143219;9,509796;6,00222965;10,234109499999988;10,184398
2024-06-03 16:00:00;17,67;27,67;23,68;6,914;13,222;10,299;5,8014593;10,143219;9,509796;6,35772965;11,682609500000012;9,904398
2024-06-03 17:00:00;24,03;28,83;29,97;7,626;16,12;9,739;5,8014593;10,143219;9,509796;6,71372965;13,131609500000025;9,624398
2024-06-03 18:00:00;30,54;30,5;36,9;8,337;19,017;9,179;8,22705;13,649078;9,24881;8,282025;16,333038999999985;9,213905
2024-06-03 19:00:00;60,86;31,0;43,98;8,974;14,914;8,733;8,22705;13,649078;9,24881;8,600525000000001;14,28153900000001;8,990905000000001
2024-06-03 20:00:00;77,18;31,0;70,77;9,61;10,812;8,287;8,22705;13,649078;9,24881;8,918524999999999;12,230539000000022;8,767905
2024-06-03 21:00:00;88,73;31,0;85,93;10,247;6,71;7,841;11,002297;10,209747;7,6836853;10,6246485;8,459873500000015;7,76234265
2024-06-03 22:00:00;89,35;31,0;97,33;11,094;6,46;7,879;11,002297;10,209747;7,6836853;11,0481485;8,334873500000015;7,781342649999999
2024-06-03 23:00:00;90,12;31,0;99,0;11,941;6,21;7,917;11,002297;10,209747;7,6836853;11,4716485;8,209873500000015;7,800342649999999
2024-06-04 00:00:00;87,54;30,17;88,24;12,789;5,96;7,954;12,3101845;1,5464783;7,786072;12,54959225;3,753239150000013;7,870036
2024-06-04 01:00:00;87,94;30,5;100,8;13,496;4,385;7,753;12,3101845;1,5464783;7,786072;12,90309225;2,9657391499999903;7,769536
2024-06-04 02:00:00;88,87;31,0;100,52;14,204;2,81;7,551;12,3101845;1,5464783;7,786072;13,25709225;2,1782391500000244;7,668536
2024-06-04 03:00:00;90,38;31,0;100,23;14,912;1,235;7,349;13,081059;359,1584;7,899994;13,996529500000001;0,19669999999996435;7,624497
2024-06-04 04:00:00;88,95;31,0;100,8;14,535;119,369;7,199;13,081059;359,1584;7,899994;13,8080295;59,26369999999997;7,549497000000001
2024-06-04 05:00:00;87,21;31,0;100,8;14,158;237,503;7,048;13,081059;359,1584;7,899994;13,619529499999999;298,3307;7,473997000000001
2024-06-04 06:00:00;88,96;31,0;100,8;13,781;355,637;6,898;15,165442;359,7315;6,9704895;14,473221;357,68424999999996;6,9342447499999995
2024-06-04 07:00:00;89,63;31,0;100,8;14,261;355,368;6,77;15,165442;359,7315;6,9704895;14,713221;357,54975;6,8702447499999995
2024-06-04 08:00:00;90,38;31,0;100,8;14,741;355,099;6,642;15,165442;359,7315;6,9704895;14,953221;357,41525;6,80624475
2024-06-04 09:00:00;88,45;30,5;100,8;15,22;354,83;6,514;15,679815;355,18903;6,407593;15,4499075;355,009515;6,460796500000001
2024-06-04 10:00:00;83,4;29,33;99,81;14,716;353,478;7,827;15,679815;355,18903;6,407593;15,1979075;354,33351500000003;7,1172965
2024-06-04 11:00:00;86,72;30,0;96,07;14,211;352,126;9,14;15,679815;355,18903;6,407593;14,9454075;353,657515;7,7737965
2024-06-04 12:00:00;80,84;29,33;96,37;13,706;350,774;10,453;13,894852;342,4845;9,320801;13,800426;346,62925;9,8869005
2024-06-04 13:00:00;77,98;29,17;94,02;12,551;348,932;10,838;13,894852;342,4845;9,320801;13,222926000000001;345,70825;10,079400499999998
2024-06-04 14:00:00;86,96;30,0;90,84;11,396;347,09;11,223;13,894852;342,4845;9,320801;12,645426;344,78725000000003;10,271900500000001
2024-06-04 15:00:00;86,11;30,0;88,87;10,242;345,248;11,607;12,298213;339,35284;11,582642;11,2701065;342,30042000000003;11,594821
2024-06-04 16:00:00;83,64;29,83;85,6;9,745;347,004;11,06;12,298213;339,35284;11,582642;11,0216065;343,17842;11,321321000000001
2024-06-04 17:00:00;69,69;30,33;93,77;9,249;348,759;10,512;12,298213;339,35284;11,582642;10,7736065;344,05592;11,047321
2024-06-04 18:00:00;66,1;30,67;79,1;8,753;350,515;9,964;8,949753;344,1224;10,803436;8,8513765;347,31870000000004;10,383718
2024-06-04 19:00:00;72,82;31,0;76,5;9,542;349,996;9,604;8,949753;344,1224;10,803436;9,2458765;347,0592;10,203717999999999
2024-06-04 20:00:00;82,41;31,0;81,36;10,332;349,478;9,245;8,949753;344,1224;10,803436;9,640876500000001;346,8002;10,024218
2024-06-04 21:00:00;88,97;31,0;89,58;11,121;348,96;8,886;10,065943;349,70505;9,436523;10,5934715;349,332525;9,161261499999998
2024-06-04 22:00:00;91,38;31,0;95,56;11,082;351,609;8,804;10,065943;349,70505;9,436523;10,5739715;350,657025;9,1202615
2024-06-04 23:00:00;71,56;30,0;97,72;11,043;354,258;8,722;10,065943;349,70505;9,436523;10,5544715;351,981525;9,0792615
2024-06-05 00:00:00;56,94;30,0;82,95;11,005;356,907;8,641;10,919079;355,50916;8,542908;10,9620395;356,20808;8,591954000000001
2024-06-05 01:00:00;60,78;30,0;71,35;10,581;355,431;8,649;10,919079;355,50916;8,542908;10,7500395;355,47008;8,595953999999999
2024-06-05 02:00:00;82,58;30,0;75,36;10,157;353,955;8,658;10,919079;355,50916;8,542908;10,5380395;354,73208;8,600454
2024-06-05 03:00:00;89,07;30,0;93,77;9,734;352,479;8,667;9,945494;354,3847;8,172424;9,839747;353,43185;8,419712
2024-06-05 04:00:00;87,0;30,0;99,28;9,711;351,833;8,263;9,945494;354,3847;8,172424;9,828247000000001;353,10885;8,217711999999999
2024-06-05 05:00:00;87,16;30,0;97,21;9,688;351,188;7,86;9,945494;354,3847;8,172424;9,816747;352,78634999999997;8,016212
2024-06-05 06:00:00;88,35;30,0;97,99;9,665;350,542;7,456;9,563491;350,74347;7,935669;9,614245499999999;350,64273499999996;7,6958345
2024-06-05 07:00:00;90,3;30,0;98,42;10,022;352,51;7,35;9,563491;350,74347;7,935669;9,7927455;351,626735;7,642834499999999
2024-06-05 08:00:00;87,51;30,0;98,42;10,378;354,477;7,244;9,563491;350,74347;7,935669;9,9707455;352,610235;7,5898345
2024-06-05 09:00:00;86,11;29,67;95,18;10,735;356,444;7,137;9,770818;355,25336;7,865326;10,252908999999999;355,84868;7,501163
2024-06-05 10:00:00;80,91;28,17;93,92;10,029;355,856;8,977;9,770818;355,25336;7,865326;9,899909000000001;355,55467999999996;8,421163
2024-06-05 11:00:00;76,15;27,17;92,8;9,322;355,267;10,817;9,770818;355,25336;7,865326;9,546409;355,26018;9,341163
2024-06-05 12:00:00;68,4;27,5;89,54;8,615;354,679;12,657;11,22754;346,43137;11,480011;9,92127;350,555185;12,0685055
2024-06-05 13:00:00;68,3;28,5;81,43;8,375;352,271;13,528;11,22754;346,43137;11,480011;9,801269999999999;349,351185;12,5040055
2024-06-05 14:00:00;78,93;28,83;80,61;8,135;349,862;14,399;11,22754;346,43137;11,480011;9,68127;348,146685;12,9395055
2024-06-05 15:00:00;68,54;27,33;87,22;7,895;347,454;15,27;10,443188;341,29816;14,768677;9,169094;344,37608;15,0193385
2024-06-05 16:00:00;52,18;27,0;79,82;7,803;344,596;14,472;10,443188;341,29816;14,768677;9,123094;342,94707999999997;14,620338499999999
2024-06-05 17:00:00;38,81;28,33;66,15;7,711;341,738;13,673;10,443188;341,29816;14,768677;9,077093999999999;341,51808;14,2208385
2024-06-05 18:00:00;42,09;29,33;52,59;7,619;338,879;12,875;8,325752;340,0844;14,1297;7,972376;339,4817;13,50235
2024-06-05 19:00:00;61,39;29,33;55,68;8,389;343,553;12,231;8,325752;340,0844;14,1297;8,357375999999999;341,8187;13,18035
2024-06-05 20:00:00;75,97;29,0;74,54;9,16;348,227;11,586;8,325752;340,0844;14,1297;8,742875999999999;344,15569999999997;12,85785
2024-06-05 21:00:00;86,11;29,0;88,98;9,931;352,901;10,942;8,781397;337,6089;12,347321;9,3561985;345,25495;11,6446605
2024-06-05 22:00:00;86,51;29,0;97,48;10,278;352,662;10,757;8,781397;337,6089;12,347321;9,5296985;345,13545;11,5521605
2024-06-05 23:00:00;87,19;29,0;97,8;10,625;352,423;10,573;8,781397;337,6089;12,347321;9,7031985;345,01595;11,4601605
2024-06-06 00:00:00;87,13;29,0;98,18;10,972;352,184;10,388;9,1655445;325,82968;11,846252;10,068772249999999;339,00684;11,117125999999999
2024-06-06 01:00:00;84,52;29,0;97,66;10,927;351,719;10,182;9,1655445;325,82968;11,846252;10,04627225;338,77434;11,014126000000001
2024-06-06 02:00:00;84,19;29,0;95,98;10,882;351,254;9,975;9,1655445;325,82968;11,846252;10,02377225;338,54184;10,910626
2024-06-06 03:00:00;84,11;29,0;96,79;10,837;350,789;9,769;8,493359;337,421;11,21463;9,6651795;344,10499999999996;10,491814999999999
2024-06-06 04:00:00;80,97;28,33;96,19;10,937;348,618;9,843;8,493359;337,421;11,21463;9,7151795;343,0195;10,528815
2024-06-06 05:00:00;72,13;28,0;95,2;11,037;346,447;9,917;8,493359;337,421;11,21463;9,7651795;341,934;10,565815
2024-06-06 06:00:00;78,57;27,67;86,77;11,137;344,275;9,991;9,351435;326,12946;10,716461;10,244217500000001;335,20223;10,353730500000001
2024-06-06 07:00:00;81,05;28,0;92,98;10,842;344,555;10,025;9,351435;326,12946;10,716461;10,0967175;335,34223000000003;10,3707305
2024-06-06 08:00:00;79,13;27,67;93,39;10,546;344,834;10,06;9,351435;326,12946;10,716461;9,9487175;335,48173;10,3882305
2024-06-06 09:00:00;65,81;26,83;90,53;10,25;345,114;10,095;8,78644;320,55432;10,068787;9,51822;332,83416;10,0818935
2024-06-06 10:00:00;63,45;25,5;77,28;9,337;341,019;11,938;8,78644;320,55432;10,068787;9,061720000000001;330,78666000000004;11,003393500000001
2024-06-06 11:00:00;21,46;25,83;76,26;8,423;336,925;13,78;8,78644;320,55432;10,068787;8,60472;328,73966;11,9243935
2024-06-06 12:00:00;13,35;26,67;29,57;7,51;332,831;15,623;7,513172;318,11884;15,37204;7,511585999999999;325,47492;15,49752
2024-06-06 13:00:00;12,5;27,17;19,93;7,188;332,736;16,208;7,513172;318,11884;15,37204;7,350586;325,42742;15,790019999999998
2024-06-06 14:00:00;11,1;27,83;17,61;6,866;332,64;16,793;7,513172;318,11884;15,37204;7,189586;325,37942;16,08252
2024-06-06 15:00:00;4,11;27,33;15,16;6,545;332,545;17,378;5,8547177;279,73398;18,57013;6,19985885;306,13948999999997;17,974065
2024-06-06 16:00:00;5,4;28,17;8,85;6,585;334,681;16,322;5,8547177;279,73398;18,57013;6,21985885;307,20748999999995;17,446064999999997
2024-06-06 17:00:00;8,03;28,83;10,46;6,625;336,818;15,265;5,8547177;279,73398;18,57013;6,23985885;308,27599;16,917565
2024-06-06 18:00:00;17,11;30,83;13,42;6,665;338,955;14,208;5,068348;293,35104;18,917511;5,866674;316,15301999999997;16,5627555
2024-06-06 19:00:00;27,29;30,83;22,11;6,999;335,818;13,692;5,068348;293,35104;18,917511;6,0336739999999995;314,58452;16,3047555
2024-06-06 20:00:00;28,62;31,0;32,66;7,332;332,682;13,176;5,068348;293,35104;18,917511;6,2001740000000005;313,01652;16,0467555
2024-06-06 21:00:00;39,07;30,67;35,32;7,666;329,545;12,66;6,242505;303,60443;17,346527;6,954252500000001;316,574715;15,0032635
2024-06-06 22:00:00;42,76;30,83;44,37;7,708;323,319;12,284;6,242505;303,60443;17,346527;6,9752525;313,46171499999997;14,8152635
2024-06-06 23:00:00;35,41;30,0;47,71;7,749;317,092;11,908;6,242505;303,60443;17,346527;6,9957525;310,348215;14,627263499999998
2024-06-07 00:00:00;30,79;30,0;41,38;7,791;310,866;11,532;4,9170113;286,49542;16,094543;6,35400565;298,68071000000003;13,8132715
2024-06-07 01:00:00;33,93;29,67;37,49;7,073;300,211;11,085;4,9170113;286,49542;16,094543;5,99500565;293,35321000000005;13,589771500000001
2024-06-07 02:00:00;31,29;30,0;39,5;6,355;289,556;10,639;4,9170113;286,49542;16,094543;5,63600565;288,02571;13,3667715
2024-06-07 03:00:00;14,39;30,0;34,79;5,638;278,902;10,193;3,8393672;287,7408;15,439545;4,7386836;283,3214;12,8162725
2024-06-07 04:00:00;19,5;29,67;19,18;5,098;272,681;9,476;3,8393672;287,7408;15,439545;4,4686836;280,2108999999999;12,4577725
2024-06-07 05:00:00;61,26;29,83;23,33;4,558;266,461;8,76;3,8393672;287,7408;15,439545;4,1986836;277,10089999999997;12,0997725
2024-06-07 06:00:00;38,53;30,0;58,42;4,018;260,241;8,043;4,0981073;278,63495;15,003876;4,05805365;269,437975;11,523437999999999
2024-06-07 07:00:00;11,88;28,67;35,31;4,171;278,876;8,137;4,0981073;278,63495;15,003876;4,13455365;278,755475;11,570438
2024-06-07 08:00:00;11,53;29,33;13,33;4,323;297,511;8,231;4,0981073;278,63495;15,003876;4,21055365;288,07297500000004;11,617438
2024-06-07 09:00:00;11,16;29,5;12,15;4,476;316,146;8,325;3,2867477;298,04916;14,550018;3,88137385;307,09758;11,437508999999999
2024-06-07 10:00:00;0,41;11,67;10,47;4,021;315,34;10,204;3,2867477;298,04916;14,550018;3,65387385;306,69458;12,377009000000001
2024-06-07 11:00:00;0,25;15,83;0,79;3,567;314,535;12,084;3,2867477;298,04916;14,550018;3,4268738499999998;306,29208;13,317008999999999
2024-06-07 12:00:00;0,69;11,83;0,57;3,113;313,729;13,963;1,887976;355,25085;16,461975;2,500488;334,489925;15,212487499999998
2024-06-07 13:00:00;0,0;1,83;0,9;2,332;328,736;14,974;1,887976;355,25085;16,461975;2,109988;341,993425;15,7179875
2024-06-07 14:00:00;0,0;1,17;0,8;1,551;343,743;15,985;1,887976;355,25085;16,461975;1,7194880000000001;349,49692500000003;16,223487499999997
2024-06-07 15:00:00;0,0;1,0;2,09;0,77;358,75;16,995;1,9694538;28,24237;18,694092;1,3697268999999999;13,496185000000025;17,844546
2024-06-07 16:00:00;0,0;1,0;3,38;1,541;264,844;15,594;1,9694538;28,24237;18,694092;1,7552268999999998;326,543185;17,144046
2024-06-07 17:00:00;0,07;6,0;4,69;2,312;170,938;14,192;1,9694538;28,24237;18,694092;2,1407268999999998;99,59018499999996;16,443046000000002
2024-06-07 18:00:00;5,75;29,83;6,19;3,082;77,032;12,791;3,4124486;84,941925;18,463043;3,2472243;80,9869625;15,6270215
2024-06-07 19:00:00;17,4;30,0;12,64;4,046;69,895;12,146;3,4124486;84,941925;18,463043;3,7292243000000003;77,41846250000003;15,3045215
2024-06-07 20:00:00;39,38;29,0;24,13;5,01;62,758;11,501;3,4124486;84,941925;18,463043;4,2112243;73,8499625;14,982021499999998
2024-06-07 21:00:00;48,11;25,67;44,77;5,974;55,621;10,856;5,0683737;37,92816;16,311249;5,52118685;46,774580000000014;13,583624499999999
2024-06-07 22:00:00;25,62;24,83;51,61;6,392;103,715;11,346;5,0683737;37,92816;16,311249;5,730186850000001;70,82157999999998;13,8286245
2024-06-07 23:00:00;9,27;24,83;31,26;6,81;151,809;11,837;5,0683737;37,92816;16,311249;5,9391868500000005;94,86858000000001;14,0741245
2024-06-08 00:00:00;23,59;28,83;17,47;7,227;199,904;12,327;6,652984;10,704285;16,632599;6,939992;285,3041425;14,479799499999999
2024-06-08 01:00:00;43,49;29,0;27,8;7,645;247,998;12,817;6,652984;10,704285;16,632599;7,148992;309,3511425;14,7247995
2024-06-08 02:00:00;21,63;28,0;44,97;8,063;296,092;13,308;6,652984;10,704285;16,632599;7,357992;333,3981425;14,9702995
2024-06-08 03:00:00;8,37;27,67;23,41;8,481;344,187;13,798;7,2343287;12,011475;14,468109;7,85766435;358,0992375;14,1330545
2024-06-08 04:00:00;8,98;29,0;12,21;7,837;336,951;13,499;7,2343287;12,011475;14,468109;7,535664349999999;354,4812375;13,9835545
2024-06-08 05:00:00;16,05;24,5;11,54;7,193;329,716;13,2;7,2343287;12,011475;14,468109;7,21366435;350,8637375;13,8340545
2024-06-08 06:00:00;7,47;20,5;16,64;6,549;322,48;12,901;6,8069496;7,3620605;14,149994;6,6779748;344,92103025;13,525497
2024-06-08 07:00:00;33,04;28,0;9,98;5,905;315,245;12,602;6,8069496;7,3620605;14,149994;6,3559748;341,30353025;13,375997
2024-06-08 08:00:00;45,73;28,0;33,05;5,261;308,009;12,302;6,8069496;7,3620605;14,149994;6,0339748;337,68553025;13,225997
2024-06-08 09:00:00;22,61;28,0;43,27;4,618;300,774;12,003;5,7432632;1,8935547;15,076538;5,1806316;331,33377735;13,539769
2024-06-08 10:00:00;16,78;28,0;21,69;4,132;294,557;13,139;5,7432632;1,8935547;15,076538;4,9376316;328,22527735;14,107769
2024-06-08 11:00:00;6,24;26,83;16,62;3,647;288,341;14,275;5,7432632;1,8935547;15,076538;4,6951316;325,11727735;14,675768999999999
2024-06-08 12:00:00;4,02;28,17;6,47;3,161;282,125;15,411;4,667807;6,8617554;16,949982;3,9144034999999997;324,4933777;16,180491
2024-06-08 13:00:00;1,54;22,0;4,32;2,676;275,908;16,547;4,667807;6,8617554;16,949982;3,6719035;321,3848777;16,748491
2024-06-08 14:00:00;0,58;11,0;1,99;2,191;269,692;17,683;4,667807;6,8617554;16,949982;3,4294035;318,2768777;17,316491
2024-06-08 15:00:00;0,0;1,0;0,98;1,705;263,475;18,819;3,2790976;351,14172;19,314758;2,4920488;307,30836;19,066879
2024-06-08 16:00:00;0,0;2,0;0,65;2,418;240,164;18,131;3,2790976;351,14172;19,314758;2,8485488;295,65286000000003;18,722879
2024-06-08 17:00:00;2,01;28,0;0,94;3,131;216,853;17,443;3,2790976;351,14172;19,314758;3,2050488;283,99736;18,378879
2024-06-08 18:00:00;7,12;29,5;3,28;3,843;193,542;16,755;6,752136;27,848297;18,76352;5,297568;110,69514850000002;17,759259999999998
2024-06-08 19:00:00;9,2;31,0;7,77;4,556;170,231;16,067;6,752136;27,848297;18,76352;5,6540680000000005;99,0396485;17,41526
2024-06-08 20:00:00;5,22;30,17;9,55;5,268;146,921;15,379;6,752136;27,848297;18,76352;6,010068;87,38464850000003;17,07126
2024-06-08 21:00:00;9,78;31,0;6,46;5,981;123,61;14,691;5,6042256;43,731873;18,138;5,792612800000001;83,67093649999998;16,4145
2024-06-08 22:00:00;5,29;25,67;10,22;6,361;122,976;14,395;5,6042256;43,731873;18,138;5,9826128;83,35393650000003;16,2665
2024-06-08 23:00:00;0,0;7,5;6,47;6,742;122,343;14,1;5,6042256;43,731873;18,138;6,1731128;83,03743650000001;16,119
2024-06-09 00:00:00;8,29;18,83;2,33;7,122;121,71;13,804;5,2099;4,3826904;18,076172;6,1659500000000005;63,04634520000002;15,940086
2024-06-09 01:00:00;35,81;31,0;10,47;7,502;121,077;13,509;5,2099;4,3826904;18,076172;6,35595;62,7298452;15,792586
2024-06-09 02:00:00;50,51;31,0;33,43;7,882;120,443;13,213;5,2099;4,3826904;18,076172;6,5459499999999995;62,41284519999999;15,644586
2024-06-09 03:00:00;69,89;29,67;47,84;8,263;119,81;12,918;1,582879;275,53345;16,15268;4,9229395;197,67172499999998;14,53534
2024-06-09 04:00:00;20,91;29,83;65,78;8,349;118,682;12,568;1,582879;275,53345;16,15268;4,9659395;197,10772499999996;14,36034
2024-06-09 05:00:00;16,15;28,67;27,07;8,435;117,553;12,217;1,582879;275,53345;16,15268;5,0089395;196,543225;14,184840000000001
2024-06-09 06:00:00;10,49;22,83;37,15;8,52;116,425;11,867;3,332397;289,93402;15,649994;5,9261985;203,17951;13,758497
2024-06-09 07:00:00;1,08;15,83;24,46;8,606;115,296;11,516;3,332397;289,93402;15,649994;5,9691985;202,61500999999996;13,582996999999999
2024-06-09 08:00:00;12,76;24,33;22,28;8,692;114,168;11,166;3,332397;289,93402;15,649994;6,0121985;202,05100999999993;13,407997
2024-06-09 09:00:00;20,2;22,5;32,66;8,778;113,039;10,815;8,27216;228,31766;14,850006;8,525079999999999;170,67832999999996;12,832502999999999
2024-06-09 10:00:00;40,41;21,67;39,53;8,585;116,385;11,003;8,27216;228,31766;14,850006;8,42858;172,35132999999996;12,926503
2024-06-09 11:00:00;60,58;24,5;57,43;8,391;119,731;11,19;8,27216;228,31766;14,850006;8,331579999999999;174,02432999999996;13,020002999999999
2024-06-09 12:00:00;34,66;20,17;80,3;8,197;123,077;11,378;9,533847;236,50845;15,649994;8,865423499999999;179,79272500000002;13,513997
2024-06-09 13:00:00;14,78;26,33;55,87;8,004;126,423;11,565;9,533847;236,50845;15,649994;8,7689235;181,465725;13,607496999999999
2024-06-09 14:00:00;35,4;27,17;36,8;7,81;129,769;11,753;9,533847;236,50845;15,649994;8,6719235;183,138725;13,701497
2024-06-09 15:00:00;35,45;23,5;78,98;7,616;133,115;11,94;10,112123;235,64186;17,294037;8,8640615;184,37843;14,6170185
2024-06-09 16:00:00;27,35;20,17;90,44;7,2;132,018;11,25;10,112123;235,64186;17,294037;8,6560615;183,82993;14,2720185
2024-06-09 17:00:00;33,36;21,33;49,29;6,784;130,922;10,561;10,112123;235,64186;17,294037;8,4480615;183,28193;13,9275185
2024-06-09 18:00:00;36,3;21,83;51,91;6,368;129,826;9,871;9,490312;241,70776;16,453857;7,929156;185,76688000000001;13,1624285
2024-06-09 19:00:00;32,21;22,33;54,83;5,952;128,73;9,182;9,490312;241,70776;16,453857;7,721156;185,21887999999998;12,8179285
2024-06-09 20:00:00;39,57;22,5;48,72;5,535;127,633;8,492;9,490312;241,70776;16,453857;7,512656;184,67038;12,4729285
2024-06-09 21:00:00;38,94;22,17;54,85;5,119;126,537;7,802;9,899316;252,61298;14,508881;7,509158;189,57498999999999;11,155440500000001
2024-06-09 22:00:00;48,74;22,67;52,75;4,915;119,315;7,815;9,899316;252,61298;14,508881;7,407158000000001;185,96399;11,1619405
2024-06-09 23:00:00;42,53;22,0;61,25;4,712;112,094;7,828;9,899316;252,61298;14,508881;7,305658;182,35349;11,1684405
2024-06-10 00:00:00;27,06;21,5;54,91;4,508;104,872;7,841;8,598339;245,23746;14,225037;6,553169499999999;175,05473000000006;11,0330185
2024-06-10 01:00:00;23,05;18,67;39,87;4,304;97,651;7,854;8,598339;245,23746;14,225037;6,4511695;171,44423000000006;11,0395185
2024-06-10 02:00:00;18,49;20,83;32,72;4,1;90,429;7,867;8,598339;245,23746;14,225037;6,3491694999999995;167,83322999999996;11,0460185
2024-06-10 03:00:00;15,85;21,17;30,1;3,897;83,207;7,879;9,4883175;262,30527;12,797852;6,6926587500000005;172,75613499999986;10,338426
2024-06-10 04:00:00;31,12;21,5;26,59;3,874;71,42;7,549;9,4883175;262,30527;12,797852;6,681158750000001;346,862635;10,173426000000001
2024-06-10 05:00:00;37,58;24,0;40,61;3,852;59,633;7,219;9,4883175;262,30527;12,797852;6,670158750000001;340,969135;10,008426
2024-06-10 06:00:00;25,6;23,5;46,91;3,829;47,846;6,889;6,286896;271,6054;11,209991;5,057948;339,72569999999996;9,0494955
2024-06-10 07:00:00;15,68;24,17;31,51;3,807;36,059;6,559;6,286896;271,6054;11,209991;5,0469479999999995;333,8322;8,8844955
2024-06-10 08:00:00;11,37;26,33;19,95;3,785;24,271;6,229;6,286896;271,6054;11,209991;5,035947999999999;327,9382;8,7194955
2024-06-10 09:00:00;39,39;27,67;14,48;3,762;12,484;5,899;3,5520542;301,64865;10,935547;3,6570271;337,066325;8,4172735
2024-06-10 10:00:00;38,87;26,17;40,14;3,587;62,728;7,27;3,5520542;301,64865;10,935547;3,5695271;2,1883249999999634;9,1027735
2024-06-10 11:00:00;13,09;25,5;39,05;3,411;112,971;8,641;3,5520542;301,64865;10,935547;3,4815271;27,30982499999999;9,788273499999999
2024-06-10 12:00:00;0,35;5,67;12,86;3,236;163,215;10,013;4,661261;309,03717;13,71875;3,9486305;236,12608500000002;11,865874999999999
2024-06-10 13:00:00;5,62;23,0;0,53;3,06;213,458;11,384;4,661261;309,03717;13,71875;3,8606305;261,247585;12,551375
2024-06-10 14:00:00;0,7;13,33;6,67;2,885;263,701;12,755;4,661261;309,03717;13,71875;3,7731304999999997;286,36908500000004;13,236875000000001
2024-06-10 15:00:00;0,0;1,33;0,73;2,709;313,945;14,127;2,1205888;302,4624;16,447083;2,4147944;308,20369999999997;15,2870415
2024-06-10 16:00:00;0,0;1,0;0,34;2,587;273,029;13,323;2,1205888;302,4624;16,447083;2,3537944;287,74569999999994;14,8850415
2024-06-10 17:00:00;0,0;1,67;1,17;2,465;232,113;12,519;2,1205888;302,4624;16,447083;2,2927944;267,2877;14,483041499999999
2024-06-10 18:00:00;0,0;1,0;2,79;2,343;191,197;11,715;1,8685677;34,109436;16,466827;2,10578385;112,65321800000004;14,0909135
2024-06-10 19:00:00;0,0;1,0;5,02;2,221;150,281;10,911;1,8685677;34,109436;16,466827;2,04478385;92,19521800000001;13,688913499999998
2024-06-10 20:00:00;0,0;1,0;6,72;2,099;109,364;10,108;1,8685677;34,109436;16,466827;1,98378385;71,736718;13,2874135
2024-06-10 21:00:00;3,7;22,5;9,87;1,977;68,448;9,304;5,2622614;31,192505;15,116699;3,6196307;49,82025249999998;12,2103495
2024-06-10 22:00:00;19,89;26,5;16,73;2,528;64,143;9,407;5,2622614;31,192505;15,116699;3,8951307;47,667752500000006;12,2618495
2024-06-10 23:00:00;28,7;27,67;34,48;3,079;59,837;9,51;5,2622614;31,192505;15,116699;4,1706307;45,514752499999986;12,313349500000001
2024-06-11 00:00:00;68,23;27,83;44,06;3,63;55,532;9,613;8,898581;16,789398;13,98349;6,2642904999999995;36,16069900000002;11,798245
2024-06-11 01:00:00;66,31;26,0;82,02;4,181;51,226;9,716;8,898581;16,789398;13,98349;6,5397905000000005;34,007699;11,849744999999999
2024-06-11 02:00:00;53,33;27,67;77,85;4,732;46,921;9,819;8,898581;16,789398;13,98349;6,8152905;31,855199000000027;11,901245
2024-06-11 03:00:00;26,32;28,0;68,38;5,283;42,615;9,923;11,301907;10,153137;12,6441345;8,2924535;26,384068500000012;11,28356725
2024-06-11 04:00:00;17,01;26,0;43,36;5,613;46,7;9,721;11,301907;10,153137;12,6441345;8,4574535;28,42656850000003;11,18256725
2024-06-11 05:00:00;50,08;25,0;37,48;5,943;50,784;9,52;11,301907;10,153137;12,6441345;8,622453499999999;30,468568500000003;11,08206725
2024-06-11 06:00:00;69,58;28,0;67,22;6,272;54,869;9,318;12,089888;4,131073;12,026428;9,180944;29,50003650000002;10,672214
2024-06-11 07:00:00;77,8;28,0;89,0;6,602;58,954;9,117;12,089888;4,131073;12,026428;9,345944;31,542536499999983;10,571714
2024-06-11 08:00:00;80,71;28,0;97,15;6,932;63,038;8,916;12,089888;4,131073;12,026428;9,510944;33,58453650000001;10,471214
2024-06-11 09:00:00;80,9;28,0;100,45;7,262;67,123;8,714;11,220006;5,9615173;11,392883;9,241003;36,54225865000001;10,0534415
2024-06-11 10:00:00;76,94;26,83;99,57;7,454;63,039;9,553;11,220006;5,9615173;11,392883;9,337003;34,50025864999998;10,472941500000001
2024-06-11 11:00:00;76,58;27,0;96,78;7,647;58,954;10,392;11,220006;5,9615173;11,392883;9,433503;32,45775865000002;10,8924415
2024-06-11 12:00:00;76,0;27,0;93,76;7,84;54,87;11,231;9,606785;348,87146;14,446899;8,7233925;21,87072999999998;12,8389495
2024-06-11 13:00:00;77,1;27,17;88,26;8,033;50,785;12,07;9,606785;348,87146;14,446899;8,8198925;19,82823000000002;13,258449500000001
2024-06-11 14:00:00;80,03;27,83;86,23;8,226;46,701;12,909;9,606785;348,87146;14,446899;8,9163925;17,78622999999999;13,6779495
2024-06-11 15:00:00;58,98;26,5;83,48;8,418;42,616;13,748;8,402156;334,58414;16,834381;8,410077999999999;8,60006999999996;15,291190499999999
2024-06-11 16:00:00;39,94;28,67;61,36;8,184;41,448;13,429;8,402156;334,58414;16,834381;8,293078;8,016070000000013;15,131690500000001
2024-06-11 17:00:00;22,04;29,5;40,85;7,95;40,279;13,11;8,402156;334,58414;16,834381;8,176078;7,431569999999965;14,9721905
2024-06-11 18:00:00;15,0;30,67;23,7;7,716;39,111;12,791;5,370385;335,5254;15,929291;6,5431925;7,31819999999999;14,3601455
2024-06-11 19:00:00;26,05;31,0;18,54;7,481;37,943;12,471;5,370385;335,5254;15,929291;6,4256925;6,734199999999987;14,2001455
2024-06-11 20:00:00;38,85;31,0;29,54;7,247;36,774;12,152;5,370385;335,5254;15,929291;6,308692499999999;6,149699999999996;14,0406455
2024-06-11 21:00:00;33,05;31,0;40,03;7,013;35,606;11,833;6,930823;319,75528;13,615845;6,9719115;357,68064;12,7244225
